NTR,MRR,TSV
51,0.6078431372549019,0.37727272727272726
