NTR,MRR,TSV
39,0.8461538461538461,0.8057324840764332
