NTR,MRR,TSV
15,0.7333333333333333,0.43103448275862066
