NTR,MRR,TSV
51,0.1568627450980392,0.26666666666666666
