NTR,MRR,TSV
128,0.0234375,0.9090909090909091
