NTR,MRR,TSV
108,0.05555555555555555,0.16666666666666666
