NTR,MRR,TSV
123,0.2601626016260163,0.6956521739130435
