NTR,MRR,TSV
6,0.6666666666666666,0.22727272727272727
