NTR,MRR,TSV
51,0.058823529411764705,0.3333333333333333
