NTR,MRR,TSV
511,0.07436399217221135,0.5666666666666667
