NTR,MRR,TSV
47,0.9361702127659575,0.7447447447447447
