NTR,MRR,TSV
48,0.7916666666666666,0.5607843137254902
