NTR,MRR,TSV
247,0.0931174089068826,0.6666666666666666
