NTR,MRR,TSV
43,0.9534883720930233,0.5512820512820513
